"relative_path"	"bytes"	"sha256"
"nhanes_2017_2018_subset\BMX_J.htm"	"49460"	"557B2AD6946237B7A169819006E7126E48E25CDB45926605CB368342C6773689"
"nhanes_2017_2018_subset\BMX_J.XPT"	"1466000"	"8D675E42D8826AC98714B2C3DD4C5138A5E353FB4424F7EFF5E6DB4A01CE838A"
"nhanes_2017_2018_subset\BPX_J.htm"	"52515"	"A7583578150897EFEC8748A3BC05ECBC6E54D5A0B5A32CDFDA87C883ABA56A37"
"nhanes_2017_2018_subset\BPX_J.XPT"	"1466000"	"F98F1D9A4C18173E715C749B4294F6F1525140D5AD5751316BB17CC038FB3423"
"nhanes_2017_2018_subset\csv_exports\BMX_J.csv"	"552544"	"E54EB48159AAAA3DBAB1CF35BC689EAD86276F90E0FCCC9BA39D675162C51101"
"nhanes_2017_2018_subset\csv_exports\BPX_J.csv"	"655099"	"5194CFAC51C5CF88FA67F134680331B8B0C234AF2220B498893877463ADB95EC"
"nhanes_2017_2018_subset\csv_exports\DEMO_J.csv"	"2162969"	"5245E9A345D280C0CDD47CF046606C13305EA128E0E5474EE864E9EF1B486385"
"nhanes_2017_2018_subset\csv_exports\DIQ_J.csv"	"779325"	"EB35033DAF59253384E295122DAE7411DD3BC10F4434BDBB87E453CD6289516F"
"nhanes_2017_2018_subset\csv_exports\GHB_J.csv"	"84252"	"D3711CA1B6C28C6CA06649B20F789CB2900F41BD58CDC7FF98BEAB8680F8B182"
"nhanes_2017_2018_subset\csv_exports\GLU_J.csv"	"101963"	"716E6E7B91B874352437F01754DB3852414ECE0655A8BD86C95A2A229537EE77"
"nhanes_2017_2018_subset\csv_exports\HDL_J.csv"	"137455"	"049096EDFC928D689AE27658EADF349D7025C44D8772C0C7A6AA7A977F30F3C4"
"nhanes_2017_2018_subset\csv_exports\MCQ_J.csv"	"1421927"	"3CD4D9DCA3DA3DB39F248E539B81277F60C41B5860170289D2169AB6FC33A998"
"nhanes_2017_2018_subset\csv_exports\RXQ_RX_J.csv"	"1874134"	"32E458D42BC1C56946CB8108FB41049A23977F0BB435E7008D1BFDEA8BB37D4A"
"nhanes_2017_2018_subset\csv_exports\TCHOL_J.csv"	"144091"	"E3E586BC02E689F27D72B0B094537FE04CE9D88BEB2D4897F223FDEBC6A95048"
"nhanes_2017_2018_subset\DEMO_J.htm"	"167262"	"07F8F1E7F884FAB180CCF53C705652DE9D663833FDAD85B0D759919C8464CDE0"
"nhanes_2017_2018_subset\DEMO_J.XPT"	"3412720"	"C0B46E0345EA19404928656277C8B0D10B0CCA348A9B2FE4FC3C67E8B7EE73EC"
"nhanes_2017_2018_subset\DIQ_J.htm"	"157257"	"D2545B2EF455FABF4F5EF8873B9C46D2CE5E599424F3F7D6BEC236A57BF0D869"
"nhanes_2017_2018_subset\DIQ_J.XPT"	"3851840"	"1ECBF5360DFC331D1EFBF32198553DC30E9A1F4CFF0A907ED30CA72BAC797F89"
"nhanes_2017_2018_subset\GHB_J.htm"	"15275"	"B9F90EF7AA539FE98EDC776818DDFBFC4EE9F88ECF5C21BA168C5DE8116E174D"
"nhanes_2017_2018_subset\GHB_J.XPT"	"103520"	"35F07094573A0061A03ED609A5A363B34EB1B1C7065D1623B43D72E132A8A654"
"nhanes_2017_2018_subset\GLU_J.htm"	"20654"	"CB8808A45E6B05AC9F2D31C799B501AFFEC60AE3F2573D08DA8315FE02F04EE2"
"nhanes_2017_2018_subset\GLU_J.XPT"	"98480"	"5B38897D0D7BFBC69DD9CA74FFDAF2F6A9BED5A91D4A7BF46E07F1332CC3379E"
"nhanes_2017_2018_subset\HDL_J.htm"	"21182"	"140497F53050CB264CFCF250C3F6DD289EF44DCE988CA1F1BF01DCA69FA37501"
"nhanes_2017_2018_subset\HDL_J.XPT"	"179680"	"9F4EB41B89F0C9F3D6262F873E671EEB2F2EB40581A8426B2A3C8FD4FC19439E"
"nhanes_2017_2018_subset\MCQ_J.htm"	"257835"	"46E21D2184592135585AF1999E603CE47B5685ABBEB828858BB429FBE6F8AE44"
"nhanes_2017_2018_subset\MCQ_J.XPT"	"5420800"	"79C50C805A377FCD61D44FAE8B86A16AF0A5741F8B1AEEBDA918D7D743C68F98"
"nhanes_2017_2018_subset\RXQ_RX_J.htm"	"87120"	"A496A0404E69D59C7932C5D68792935366788A912DCEBEEFFA7353B6F945B375"
"nhanes_2017_2018_subset\RXQ_RX_J.XPT"	"9627680"	"6196E6753F9BF23B47456F4FCC2D32DE05F89388B512594D02B0735949165545"
"nhanes_2017_2018_subset\TCHOL_J.htm"	"21179"	"068687F44F726B2BC41DA501691D6BB46BF5076106511F1D787D42C63630F916"
"nhanes_2017_2018_subset\TCHOL_J.XPT"	"179680"	"0291A6A4F6D82DAC8392C8C992B519946824DFEDA01647935520CF506ED9F4AB"
"README.md"	"4007"	"410D95C14E1E345B1258F2B1C8DDAA43CAC6EF2EBAA7FD1D5E1AFBF4C5F623E0"
"source_manifest.tsv"	"1884"	"D6250F2C80080B30DB5598CDEB22B792C1347BBAB665464CE6B0733BC44A35C1"
"table_shapes.tsv"	"1355"	"AF34C51DBFAE1A3AD8D471E03151913370F80284DE6DE438ADBFE32425FD4990"
"tcga_lihc_gdc_clinical\gdc_tcga_lihc_clinical_cases.tsv"	"231562"	"A2961D2F2B741B0FAF08B812A151DBEEE6D03EB124AF3FFEA8670493427B2226"
"uci_diabetes_130_us_hospitals\diabetes_130_us_hospitals_1999_2008.zip"	"3170254"	"F82AC129DA2DDD2299391FF6FBAE3A6A58B3EDCF59AC9D7BD480C00FE453112A"
"uci_diabetes_130_us_hospitals\extracted\diabetic_data.csv"	"19159383"	"0689E7EC031237DC63031B938805C48377748761A3B26ACAB621567AFA24DF97"
"uci_diabetes_130_us_hospitals\extracted\IDS_mapping.csv"	"2547"	"F1BB82B471CB34649352597572C9B1FB00BD27F77B9F5A22A03DC3EB1039749E"
