relative_path	format	rows	columns
uci_diabetes_130_us_hospitals\extracted\diabetic_data.csv	csv	101766	50
uci_diabetes_130_us_hospitals\extracted\IDS_mapping.csv	csv	67	2
tcga_lihc_gdc_clinical\gdc_tcga_lihc_clinical_cases.tsv	tsv	377	137
nhanes_2017_2018_subset\BMX_J.XPT	xpt	8704	21
nhanes_2017_2018_subset\BPX_J.XPT	xpt	8704	21
nhanes_2017_2018_subset\DEMO_J.XPT	xpt	9254	46
nhanes_2017_2018_subset\DIQ_J.XPT	xpt	8897	54
nhanes_2017_2018_subset\GHB_J.XPT	xpt	6401	2
nhanes_2017_2018_subset\GLU_J.XPT	xpt	3036	4
nhanes_2017_2018_subset\HDL_J.XPT	xpt	7435	3
nhanes_2017_2018_subset\MCQ_J.XPT	xpt	8897	76
nhanes_2017_2018_subset\RXQ_RX_J.XPT	xpt	19643	13
nhanes_2017_2018_subset\TCHOL_J.XPT	xpt	7435	3
nhanes_2017_2018_subset\csv_exports\BMX_J.csv	csv_export	8704	21
nhanes_2017_2018_subset\csv_exports\BPX_J.csv	csv_export	8704	21
nhanes_2017_2018_subset\csv_exports\DEMO_J.csv	csv_export	9254	46
nhanes_2017_2018_subset\csv_exports\DIQ_J.csv	csv_export	8897	54
nhanes_2017_2018_subset\csv_exports\GHB_J.csv	csv_export	6401	2
nhanes_2017_2018_subset\csv_exports\GLU_J.csv	csv_export	3036	4
nhanes_2017_2018_subset\csv_exports\HDL_J.csv	csv_export	7435	3
nhanes_2017_2018_subset\csv_exports\MCQ_J.csv	csv_export	8897	76
nhanes_2017_2018_subset\csv_exports\RXQ_RX_J.csv	csv_export	19643	13
nhanes_2017_2018_subset\csv_exports\TCHOL_J.csv	csv_export	7435	3
